{
  "m_list": [
    1000
  ],
  "err_list": [
    0.05,
    0.1,
    0.15,
    0.2,
    0.25,
    0.3,
    0.35,
    0.4
  ],
  "sa_success": [
    1.0,
    1.0,
    1.0,
    1.0,
    1.0,
    1.0,
    0.99,
    0.68
  ],
  "lf1_success": [
    0.86,
    0.79,
    0.67,
    0.6,
    0.42,
    0.36,
    0.12,
    0.08
  ],
  "lf2_success": [
    1.0,
    1.0,
    1.0,
    1.0,
    1.0,
    1.0,
    0.96,
    0.42
  ],
  "sa_sim": [
    1.0,
    1.0,
    1.0,
    1.0,
    1.0,
    1.0,
    0.999375,
    0.976875
  ],
  "lf1_sim": [
    0.99125,
    0.985625,
    0.974375,
    0.96875,
    0.943125,
    0.904375,
    0.87375,
    0.72
  ],
  "lf2_sim": [
    1.0,
    1.0,
    1.0,
    1.0,
    1.0,
    1.0,
    0.9975,
    0.93375
  ]
}