{
  "m_list": [
    100,
    200,
    300,
    400,
    500,
    600,
    700,
    800,
    900,
    1000
  ],
  "err_list": [
    0.25
  ],
  "sa_success": [
    0.36,
    0.89,
    0.96,
    0.98,
    1.0,
    1.0,
    1.0,
    1.0,
    1.0,
    1.0
  ],
  "lf1_success": [
    0.1,
    0.28,
    0.27,
    0.31,
    0.34,
    0.44,
    0.4,
    0.35,
    0.38,
    0.34
  ],
  "lf2_success": [
    0.12,
    0.75,
    0.86,
    0.97,
    0.98,
    1.0,
    1.0,
    1.0,
    1.0,
    1.0
  ],
  "sa_sim": [
    0.9375,
    0.993125,
    0.9975,
    0.99875,
    1.0,
    1.0,
    1.0,
    1.0,
    1.0,
    1.0
  ],
  "lf1_sim": [
    0.781875,
    0.87,
    0.89375,
    0.903125,
    0.925,
    0.934375,
    0.9425,
    0.9375,
    0.94375,
    0.928125
  ],
  "lf2_sim": [
    0.825,
    0.97875,
    0.99125,
    0.998125,
    0.99875,
    1.0,
    1.0,
    1.0,
    1.0,
    1.0
  ]
}